3146.12,2276.27,-78.75,-63.75
3073.07,2275.82,-75.00,-63.75
2999.69,2275.42,-71.25,-63.75
2926.45,2274.91,-67.50,-63.75
2853.09,2274.40,-63.75,-63.75
2779.77,2273.96,-60.00,-63.75
2706.32,2273.53,-56.25,-63.75
2632.97,2272.98,-52.50,-63.75
2559.46,2272.53,-48.75,-63.75
2486.12,2272.02,-45.00,-63.75
2412.68,2271.41,-41.25,-63.75
2339.26,2270.91,-37.50,-63.75
2265.68,2270.41,-33.75,-63.75
2192.37,2269.85,-30.00,-63.75
2118.67,2269.27,-26.25,-63.75
2045.27,2268.75,-22.50,-63.75
1971.63,2268.24,-18.75,-63.75
1898.30,2267.69,-15.00,-63.75
1824.53,2267.09,-11.25,-63.75
1751.17,2266.53,-7.50,-63.75
1677.44,2265.98,-3.75,-63.75
1604.06,2265.37,0.00,-63.75
1457.01,2264.14,7.50,-63.75
1383.28,2263.47,11.25,-63.75
1309.93,2262.94,15.00,-63.75
1236.25,2262.29,18.75,-63.75
1162.84,2261.67,22.50,-63.75
1089.26,2261.02,26.25,-63.75
1015.88,2260.34,30.00,-63.75
942.33,2259.73,33.75,-63.75
795.56,2258.38,41.25,-63.75
722.31,2257.73,45.00,-63.75
648.82,2257.07,48.75,-63.75
575.53,2256.35,52.50,-63.75
502.10,2255.72,56.25,-63.75
3220.13,2203.54,-82.50,-60.00
3146.82,2203.08,-78.75,-60.00
3073.75,2202.63,-75.00,-60.00
3000.38,2202.16,-71.25,-60.00
2927.14,2201.71,-67.50,-60.00
2853.75,2201.25,-63.75,-60.00
2780.43,2200.79,-60.00,-60.00
2706.94,2200.28,-56.25,-60.00
2633.67,2199.68,-52.50,-60.00
2560.07,2199.14,-48.75,-60.00
2486.83,2198.64,-45.00,-60.00
2413.32,2198.17,-41.25,-60.00
2339.84,2197.65,-37.50,-60.00
2266.35,2197.11,-33.75,-60.00
2192.91,2196.57,-30.00,-60.00
2119.32,2196.03,-26.25,-60.00
2045.91,2195.45,-22.50,-60.00
1972.18,2194.93,-18.75,-60.00
1898.80,2194.38,-15.00,-60.00
1825.13,2193.83,-11.25,-60.00
1751.73,2193.26,-7.50,-60.00
1678.00,2192.65,-3.75,-60.00
1604.59,2192.07,0.00,-60.00
1530.98,2191.49,3.75,-60.00
1457.55,2190.85,7.50,-60.00
1383.81,2190.21,11.25,-60.00
1310.48,2189.60,15.00,-60.00
1236.73,2189.00,18.75,-60.00
1163.36,2188.37,22.50,-60.00
1089.76,2187.74,26.25,-60.00
1016.34,2187.13,30.00,-60.00
942.79,2186.52,33.75,-60.00
869.54,2185.81,37.50,-60.00
796.00,2185.09,41.25,-60.00
722.72,2184.41,45.00,-60.00
649.28,2183.76,48.75,-60.00
575.96,2183.08,52.50,-60.00
502.49,2182.39,56.25,-60.00
429.45,2181.70,60.00,-60.00
3220.84,2130.21,-82.50,-56.25
3147.54,2129.74,-78.75,-56.25
3074.44,2129.22,-75.00,-56.25
3001.07,2128.72,-71.25,-56.25
2927.82,2128.24,-67.50,-56.25
2854.40,2127.70,-63.75,-56.25
2781.07,2127.19,-60.00,-56.25
2707.58,2126.71,-56.25,-56.25
2634.31,2126.19,-52.50,-56.25
2560.69,2125.69,-48.75,-56.25
2487.44,2125.13,-45.00,-56.25
2413.91,2124.62,-41.25,-56.25
2340.49,2124.11,-37.50,-56.25
2266.94,2123.59,-33.75,-56.25
2193.55,2123.08,-30.00,-56.25
2119.94,2122.48,-26.25,-56.25
2046.48,2121.91,-22.50,-56.25
1972.80,2121.38,-18.75,-56.25
1899.37,2120.89,-15.00,-56.25
1825.70,2120.32,-11.25,-56.25
1752.28,2119.72,-7.50,-56.25
1678.57,2119.09,-3.75,-56.25
1605.13,2118.51,0.00,-56.25
1531.53,2117.91,3.75,-56.25
1458.09,2117.30,7.50,-56.25
1384.32,2116.67,11.25,-56.25
1310.97,2116.05,15.00,-56.25
1237.23,2115.46,18.75,-56.25
1163.86,2114.84,22.50,-56.25
1090.20,2114.24,26.25,-56.25
1016.82,2113.59,30.00,-56.25
943.24,2112.93,33.75,-56.25
870.02,2112.23,37.50,-56.25
796.45,2111.55,41.25,-56.25
723.18,2110.94,45.00,-56.25
649.69,2110.30,48.75,-56.25
576.39,2109.60,52.50,-56.25
502.95,2108.91,56.25,-56.25
429.82,2108.29,60.00,-56.25
3221.55,2056.91,-82.50,-52.50
3148.22,2056.41,-78.75,-52.50
3075.13,2055.95,-75.00,-52.50
3001.74,2055.41,-71.25,-52.50
2928.47,2054.92,-67.50,-52.50
2855.05,2054.40,-63.75,-52.50
2781.71,2053.91,-60.00,-52.50
2708.22,2053.48,-56.25,-52.50
2634.91,2053.03,-52.50,-52.50
2561.36,2052.43,-48.75,-52.50
2488.06,2051.80,-45.00,-52.50
2414.51,2051.33,-41.25,-52.50
2341.11,2050.78,-37.50,-52.50
2267.55,2050.22,-33.75,-52.50
2194.19,2049.66,-30.00,-52.50
2120.52,2049.10,-26.25,-52.50
2047.05,2048.56,-22.50,-52.50
1973.42,2048.04,-18.75,-52.50
1899.95,2047.47,-15.00,-52.50
1826.27,2046.94,-11.25,-52.50
1752.85,2046.36,-7.50,-52.50
1679.13,2045.79,-3.75,-52.50
1605.69,2045.19,0.00,-52.50
1532.08,2044.57,3.75,-52.50
1458.63,2043.95,7.50,-52.50
1384.84,2043.32,11.25,-52.50
1311.47,2042.72,15.00,-52.50
1237.73,2042.13,18.75,-52.50
1164.34,2041.54,22.50,-52.50
1090.67,2040.87,26.25,-52.50
1017.32,2040.23,30.00,-52.50
943.72,2039.63,33.75,-52.50
870.47,2038.95,37.50,-52.50
796.91,2038.29,41.25,-52.50
723.63,2037.63,45.00,-52.50
650.14,2036.96,48.75,-52.50
576.83,2036.28,52.50,-52.50
503.38,2035.62,56.25,-52.50
430.25,2034.95,60.00,-52.50
3222.23,1983.35,-82.50,-48.75
3148.90,1982.88,-78.75,-48.75
3075.79,1982.42,-75.00,-48.75
3002.42,1981.90,-71.25,-48.75
2929.12,1981.39,-67.50,-48.75
2855.70,1980.90,-63.75,-48.75
2782.37,1980.35,-60.00,-48.75
2708.87,1979.79,-56.25,-48.75
2635.55,1979.29,-52.50,-48.75
2562.01,1978.76,-48.75,-48.75
2488.68,1978.24,-45.00,-48.75
2415.16,1977.70,-41.25,-48.75
2341.71,1977.17,-37.50,-48.75
2268.17,1976.64,-33.75,-48.75
2194.80,1976.10,-30.00,-48.75
2121.10,1975.55,-26.25,-48.75
2047.64,1975.02,-22.50,-48.75
1974.01,1974.46,-18.75,-48.75
1900.53,1973.90,-15.00,-48.75
1826.85,1973.36,-11.25,-48.75
1753.39,1972.81,-7.50,-48.75
1679.69,1972.20,-3.75,-48.75
1606.26,1971.59,0.00,-48.75
1532.64,1970.95,3.75,-48.75
1459.17,1970.33,7.50,-48.75
1385.37,1969.71,11.25,-48.75
1312.00,1969.10,15.00,-48.75
1238.23,1968.50,18.75,-48.75
1164.85,1967.87,22.50,-48.75
1091.19,1967.27,26.25,-48.75
1017.80,1966.69,30.00,-48.75
944.19,1966.03,33.75,-48.75
870.94,1965.34,37.50,-48.75
797.37,1964.67,41.25,-48.75
724.08,1964.07,45.00,-48.75
650.61,1963.45,48.75,-48.75
577.26,1962.82,52.50,-48.75
503.80,1962.13,56.25,-48.75
430.69,1961.45,60.00,-48.75
3222.90,1910.13,-82.50,-45.00
3149.57,1909.66,-78.75,-45.00
3076.46,1909.13,-75.00,-45.00
3003.07,1908.60,-71.25,-45.00
2929.78,1908.03,-67.50,-45.00
2856.34,1907.49,-63.75,-45.00
2783.01,1907.01,-60.00,-45.00
2709.52,1906.57,-56.25,-45.00
2636.20,1906.00,-52.50,-45.00
2562.65,1905.46,-48.75,-45.00
2489.29,1904.92,-45.00,-45.00
2415.80,1904.32,-41.25,-45.00
2342.32,1903.78,-37.50,-45.00
2268.77,1903.31,-33.75,-45.00
2195.37,1902.79,-30.00,-45.00
2121.71,1902.17,-26.25,-45.00
2048.24,1901.57,-22.50,-45.00
1974.59,1901.01,-18.75,-45.00
1901.10,1900.48,-15.00,-45.00
1827.41,1899.96,-11.25,-45.00
1753.96,1899.40,-7.50,-45.00
1680.25,1898.81,-3.75,-45.00
1606.80,1898.19,0.00,-45.00
1533.19,1897.57,3.75,-45.00
1459.71,1896.95,7.50,-45.00
1385.90,1896.34,11.25,-45.00
1312.54,1895.73,15.00,-45.00
1238.76,1895.08,18.75,-45.00
1165.35,1894.48,22.50,-45.00
1091.71,1893.94,26.25,-45.00
1018.30,1893.38,30.00,-45.00
944.69,1892.66,33.75,-45.00
871.42,1891.97,37.50,-45.00
797.85,1891.35,41.25,-45.00
724.56,1890.71,45.00,-45.00
651.07,1890.08,48.75,-45.00
577.73,1889.45,52.50,-45.00
504.24,1888.73,56.25,-45.00
431.13,1888.09,60.00,-45.00
3223.57,1836.58,-82.50,-41.25
3150.23,1836.15,-78.75,-41.25
3077.13,1835.62,-75.00,-41.25
3003.72,1835.07,-71.25,-41.25
2930.44,1834.53,-67.50,-41.25
2857.00,1833.99,-63.75,-41.25
2783.64,1833.46,-60.00,-41.25
2710.15,1832.93,-56.25,-41.25
2636.84,1832.38,-52.50,-41.25
2563.25,1831.89,-48.75,-41.25
2489.89,1831.40,-45.00,-41.25
2416.40,1830.85,-41.25,-41.25
2342.94,1830.28,-37.50,-41.25
2269.36,1829.72,-33.75,-41.25
2195.97,1829.15,-30.00,-41.25
2122.29,1828.56,-26.25,-41.25
2048.83,1827.97,-22.50,-41.25
1975.17,1827.42,-18.75,-41.25
1901.66,1826.86,-15.00,-41.25
1754.52,1825.82,-7.50,-41.25
1680.82,1825.21,-3.75,-41.25
1607.35,1824.55,0.00,-41.25
1533.72,1823.92,3.75,-41.25
1460.24,1823.29,7.50,-41.25
1386.45,1822.65,11.25,-41.25
1313.08,1822.05,15.00,-41.25
1239.28,1821.46,18.75,-41.25
1165.89,1820.86,22.50,-41.25
1092.22,1820.27,26.25,-41.25
1018.82,1819.64,30.00,-41.25
945.20,1819.02,33.75,-41.25
871.91,1818.39,37.50,-41.25
798.33,1817.73,41.25,-41.25
725.04,1817.11,45.00,-41.25
651.53,1816.48,48.75,-41.25
578.20,1815.86,52.50,-41.25
504.71,1815.24,56.25,-41.25
431.58,1814.53,60.00,-41.25
3224.25,1763.24,-82.50,-37.50
3150.86,1762.74,-78.75,-37.50
3077.79,1762.25,-75.00,-37.50
3004.35,1761.70,-71.25,-37.50
2931.08,1761.15,-67.50,-37.50
2857.64,1760.61,-63.75,-37.50
2784.28,1760.06,-60.00,-37.50
2710.78,1759.54,-56.25,-37.50
2637.47,1759.01,-52.50,-37.50
2563.87,1758.45,-48.75,-37.50
2490.53,1757.87,-45.00,-37.50
2416.99,1757.34,-41.25,-37.50
2343.59,1756.81,-37.50,-37.50
2269.96,1756.24,-33.75,-37.50
2196.56,1755.67,-30.00,-37.50
2122.87,1755.13,-26.25,-37.50
2049.40,1754.56,-22.50,-37.50
1975.75,1753.95,-18.75,-37.50
1902.23,1753.47,-15.00,-37.50
1755.05,1752.32,-7.50,-37.50
1681.38,1751.71,-3.75,-37.50
1607.90,1751.11,0.00,-37.50
1534.26,1750.51,3.75,-37.50
1460.79,1749.89,7.50,-37.50
1386.99,1749.27,11.25,-37.50
1313.62,1748.64,15.00,-37.50
1239.82,1748.04,18.75,-37.50
1166.42,1747.46,22.50,-37.50
1092.73,1746.86,26.25,-37.50
1019.32,1746.26,30.00,-37.50
945.71,1745.62,33.75,-37.50
872.41,1744.98,37.50,-37.50
798.81,1744.34,41.25,-37.50
725.49,1743.75,45.00,-37.50
651.98,1743.13,48.75,-37.50
578.64,1742.45,52.50,-37.50
505.19,1741.74,56.25,-37.50
432.04,1741.14,60.00,-37.50
3224.89,1689.70,-82.50,-33.75
3151.50,1689.23,-78.75,-33.75
3078.43,1688.71,-75.00,-33.75
3004.99,1688.08,-71.25,-33.75
2931.69,1687.52,-67.50,-33.75
2858.27,1686.99,-63.75,-33.75
2784.90,1686.43,-60.00,-33.75
2711.41,1685.88,-56.25,-33.75
2638.08,1685.37,-52.50,-33.75
2564.50,1684.79,-48.75,-33.75
2491.15,1684.19,-45.00,-33.75
2417.61,1683.65,-41.25,-33.75
2344.18,1683.14,-37.50,-33.75
2270.55,1682.62,-33.75,-33.75
2197.15,1682.06,-30.00,-33.75
2123.46,1681.46,-26.25,-33.75
2049.97,1680.88,-22.50,-33.75
1976.32,1680.33,-18.75,-33.75
1902.78,1679.85,-15.00,-33.75
1829.07,1679.29,-11.25,-33.75
1755.61,1678.68,-7.50,-33.75
1681.92,1678.05,-3.75,-33.75
1608.44,1677.39,0.00,-33.75
1534.81,1676.79,3.75,-33.75
1461.33,1676.26,7.50,-33.75
1387.55,1675.66,11.25,-33.75
1314.17,1674.99,15.00,-33.75
1240.35,1674.34,18.75,-33.75
1166.96,1673.78,22.50,-33.75
1093.25,1673.20,26.25,-33.75
1019.85,1672.57,30.00,-33.75
946.21,1671.96,33.75,-33.75
872.93,1671.31,37.50,-33.75
799.30,1670.65,41.25,-33.75
725.98,1670.04,45.00,-33.75
652.47,1669.45,48.75,-33.75
579.12,1668.80,52.50,-33.75
505.65,1668.18,56.25,-33.75
432.52,1667.56,60.00,-33.75
3225.52,1616.35,-82.50,-30.00
3152.16,1615.80,-78.75,-30.00
3079.07,1615.25,-75.00,-30.00
3005.61,1614.72,-71.25,-30.00
2932.32,1614.15,-67.50,-30.00
2858.88,1613.64,-63.75,-30.00
2785.54,1613.07,-60.00,-30.00
2712.04,1612.49,-56.25,-30.00
2638.70,1611.91,-52.50,-30.00
2565.11,1611.34,-48.75,-30.00
2491.75,1610.77,-45.00,-30.00
2418.23,1610.18,-41.25,-30.00
2271.15,1609.10,-33.75,-30.00
2197.74,1608.56,-30.00,-30.00
2124.05,1608.04,-26.25,-30.00
2050.55,1607.46,-22.50,-30.00
1976.89,1606.88,-18.75,-30.00
1903.36,1606.28,-15.00,-30.00
1829.63,1605.72,-11.25,-30.00
1756.16,1605.11,-7.50,-30.00
1682.45,1604.52,-3.75,-30.00
1608.97,1603.94,0.00,-30.00
1535.36,1603.36,3.75,-30.00
1461.88,1602.75,7.50,-30.00
1388.08,1602.16,11.25,-30.00
1314.71,1601.55,15.00,-30.00
1240.88,1600.93,18.75,-30.00
1167.48,1600.32,22.50,-30.00
1093.79,1599.72,26.25,-30.00
1020.37,1599.09,30.00,-30.00
946.71,1598.44,33.75,-30.00
873.45,1597.82,37.50,-30.00
799.80,1597.24,41.25,-30.00
726.47,1596.60,45.00,-30.00
652.96,1596.01,48.75,-30.00
579.62,1595.38,52.50,-30.00
506.15,1594.75,56.25,-30.00
433.02,1594.09,60.00,-30.00
3226.15,1542.76,-82.50,-26.25
3152.79,1542.21,-78.75,-26.25
3079.67,1541.68,-75.00,-26.25
3006.23,1541.13,-71.25,-26.25
2932.95,1540.52,-67.50,-26.25
2859.49,1539.95,-63.75,-26.25
2786.15,1539.45,-60.00,-26.25
2712.65,1538.83,-56.25,-26.25
2639.33,1538.27,-52.50,-26.25
2565.70,1537.67,-48.75,-26.25
2492.35,1537.12,-45.00,-26.25
2418.82,1536.57,-41.25,-26.25
2345.35,1536.02,-37.50,-26.25
2271.73,1535.43,-33.75,-26.25
2198.33,1534.85,-30.00,-26.25
2124.64,1534.29,-26.25,-26.25
2051.13,1533.76,-22.50,-26.25
1977.47,1533.20,-18.75,-26.25
1903.93,1532.62,-15.00,-26.25
1830.21,1532.02,-11.25,-26.25
1756.75,1531.40,-7.50,-26.25
1683.00,1530.80,-3.75,-26.25
1609.51,1530.25,0.00,-26.25
1535.93,1529.62,3.75,-26.25
1462.42,1529.00,7.50,-26.25
1388.64,1528.37,11.25,-26.25
1315.23,1527.81,15.00,-26.25
1241.42,1527.22,18.75,-26.25
1168.01,1526.61,22.50,-26.25
1094.32,1526.00,26.25,-26.25
1020.90,1525.38,30.00,-26.25
947.22,1524.76,33.75,-26.25
873.98,1524.13,37.50,-26.25
800.31,1523.54,41.25,-26.25
726.99,1522.93,45.00,-26.25
653.46,1522.35,48.75,-26.25
580.17,1521.75,52.50,-26.25
506.65,1521.14,56.25,-26.25
433.52,1520.52,60.00,-26.25
3226.78,1469.38,-82.50,-22.50
3153.39,1468.79,-78.75,-22.50
3080.28,1468.24,-75.00,-22.50
3006.85,1467.68,-71.25,-22.50
2933.55,1467.10,-67.50,-22.50
2860.11,1466.50,-63.75,-22.50
2786.75,1465.94,-60.00,-22.50
2713.24,1465.41,-56.25,-22.50
2639.94,1464.89,-52.50,-22.50
2566.29,1464.28,-48.75,-22.50
2492.95,1463.64,-45.00,-22.50
2419.41,1463.09,-41.25,-22.50
2345.96,1462.52,-37.50,-22.50
2272.32,1461.97,-33.75,-22.50
2198.93,1461.39,-30.00,-22.50
2125.23,1460.80,-26.25,-22.50
2051.72,1460.24,-22.50,-22.50
1978.04,1459.68,-18.75,-22.50
1904.53,1459.10,-15.00,-22.50
1830.75,1458.45,-11.25,-22.50
1757.28,1457.87,-7.50,-22.50
1683.58,1457.34,-3.75,-22.50
1610.07,1456.73,0.00,-22.50
1536.47,1456.12,3.75,-22.50
1462.97,1455.53,7.50,-22.50
1389.23,1454.99,11.25,-22.50
1315.77,1454.39,15.00,-22.50
1241.98,1453.76,18.75,-22.50
1168.55,1453.14,22.50,-22.50
1094.88,1452.50,26.25,-22.50
1021.44,1451.92,30.00,-22.50
947.76,1451.33,33.75,-22.50
874.49,1450.70,37.50,-22.50
800.83,1450.07,41.25,-22.50
727.51,1449.45,45.00,-22.50
653.99,1448.85,48.75,-22.50
580.69,1448.23,52.50,-22.50
507.15,1447.65,56.25,-22.50
434.01,1447.09,60.00,-22.50
3227.39,1395.78,-82.50,-18.75
3153.99,1395.19,-78.75,-18.75
3080.90,1394.58,-75.00,-18.75
3007.48,1394.00,-71.25,-18.75
2934.14,1393.42,-67.50,-18.75
2860.72,1392.84,-63.75,-18.75
2787.35,1392.31,-60.00,-18.75
2713.84,1391.72,-56.25,-18.75
2640.50,1391.12,-52.50,-18.75
2566.91,1390.52,-48.75,-18.75
2493.52,1389.96,-45.00,-18.75
2420.00,1389.38,-41.25,-18.75
2346.50,1388.80,-37.50,-18.75
2272.92,1388.22,-33.75,-18.75
2199.51,1387.65,-30.00,-18.75
2125.80,1387.07,-26.25,-18.75
2052.33,1386.48,-22.50,-18.75
1978.66,1385.90,-18.75,-18.75
1905.12,1385.31,-15.00,-18.75
1831.36,1384.74,-11.25,-18.75
1757.86,1384.18,-7.50,-18.75
1684.09,1383.62,-3.75,-18.75
1610.56,1383.04,0.00,-18.75
1537.02,1382.42,3.75,-18.75
1463.50,1381.88,7.50,-18.75
1389.78,1381.29,11.25,-18.75
1316.32,1380.65,15.00,-18.75
1242.53,1379.99,18.75,-18.75
1169.11,1379.38,22.50,-18.75
1095.43,1378.75,26.25,-18.75
1021.98,1378.14,30.00,-18.75
948.32,1377.55,33.75,-18.75
875.00,1376.95,37.50,-18.75
801.37,1376.36,41.25,-18.75
728.03,1375.79,45.00,-18.75
654.51,1375.23,48.75,-18.75
581.20,1374.59,52.50,-18.75
507.67,1373.98,56.25,-18.75
434.50,1373.45,60.00,-18.75
3228.01,1322.33,-82.50,-15.00
3154.59,1321.77,-78.75,-15.00
3081.50,1321.19,-75.00,-15.00
3008.09,1320.57,-71.25,-15.00
2934.75,1319.95,-67.50,-15.00
2861.33,1319.36,-63.75,-15.00
2787.95,1318.82,-60.00,-15.00
2714.40,1318.27,-56.25,-15.00
2641.08,1317.66,-52.50,-15.00
2567.48,1317.10,-48.75,-15.00
2494.10,1316.49,-45.00,-15.00
2420.57,1315.87,-41.25,-15.00
2347.07,1315.28,-37.50,-15.00
2273.51,1314.74,-33.75,-15.00
2200.07,1314.18,-30.00,-15.00
2126.36,1313.53,-26.25,-15.00
2052.92,1312.97,-22.50,-15.00
1537.54,1308.96,3.75,-15.00
1464.04,1308.34,7.50,-15.00
1390.31,1307.70,11.25,-15.00
1316.88,1307.08,15.00,-15.00
1243.08,1306.47,18.75,-15.00
1169.68,1305.85,22.50,-15.00
1095.94,1305.24,26.25,-15.00
1022.53,1304.63,30.00,-15.00
948.86,1304.04,33.75,-15.00
875.55,1303.48,37.50,-15.00
801.92,1302.93,41.25,-15.00
728.57,1302.30,45.00,-15.00
655.05,1301.70,48.75,-15.00
581.72,1301.12,52.50,-15.00
508.20,1300.52,56.25,-15.00
435.04,1299.89,60.00,-15.00
3228.59,1248.69,-82.50,-11.25
3155.22,1248.06,-78.75,-11.25
3082.09,1247.44,-75.00,-11.25
3008.67,1246.84,-71.25,-11.25
2935.36,1246.26,-67.50,-11.25
2861.91,1245.71,-63.75,-11.25
2788.55,1245.20,-60.00,-11.25
2714.98,1244.60,-56.25,-11.25
2641.68,1243.96,-52.50,-11.25
2568.06,1243.33,-48.75,-11.25
2494.68,1242.74,-45.00,-11.25
2421.13,1242.22,-41.25,-11.25
2347.66,1241.68,-37.50,-11.25
2274.10,1241.07,-33.75,-11.25
2200.64,1240.47,-30.00,-11.25
2126.95,1239.91,-26.25,-11.25
2053.48,1239.24,-22.50,-11.25
1538.09,1235.15,3.75,-11.25
1464.57,1234.55,7.50,-11.25
1390.85,1233.92,11.25,-11.25
1317.44,1233.34,15.00,-11.25
1243.65,1232.70,18.75,-11.25
1170.23,1232.08,22.50,-11.25
1096.47,1231.54,26.25,-11.25
1023.08,1231.02,30.00,-11.25
949.39,1230.40,33.75,-11.25
876.12,1229.77,37.50,-11.25
802.45,1229.20,41.25,-11.25
729.12,1228.65,45.00,-11.25
655.59,1228.00,48.75,-11.25
582.26,1227.40,52.50,-11.25
508.74,1226.82,56.25,-11.25
435.58,1226.30,60.00,-11.25
3229.18,1175.23,-82.50,-7.50
3155.80,1174.63,-78.75,-7.50
3082.68,1174.03,-75.00,-7.50
3009.24,1173.42,-71.25,-7.50
2935.95,1172.80,-67.50,-7.50
2862.49,1172.18,-63.75,-7.50
2789.12,1171.60,-60.00,-7.50
2715.57,1171.06,-56.25,-7.50
2642.25,1170.47,-52.50,-7.50
2568.66,1169.84,-48.75,-7.50
2495.27,1169.21,-45.00,-7.50
2421.70,1168.64,-41.25,-7.50
2348.28,1168.04,-37.50,-7.50
2274.66,1167.47,-33.75,-7.50
2201.23,1166.89,-30.00,-7.50
2127.53,1166.30,-26.25,-7.50
2054.04,1165.71,-22.50,-7.50
1980.40,1165.04,-18.75,-7.50
1759.65,1163.45,-7.50,-7.50
1685.80,1162.76,-3.75,-7.50
1612.32,1162.18,0.00,-7.50
1538.66,1161.61,3.75,-7.50
1465.14,1161.00,7.50,-7.50
1391.41,1160.38,11.25,-7.50
1318.01,1159.77,15.00,-7.50
1244.24,1159.16,18.75,-7.50
1170.77,1158.60,22.50,-7.50
1097.05,1158.03,26.25,-7.50
1023.67,1157.47,30.00,-7.50
949.95,1156.92,33.75,-7.50
876.68,1156.31,37.50,-7.50
803.00,1155.71,41.25,-7.50
729.68,1155.13,45.00,-7.50
656.15,1154.54,48.75,-7.50
582.78,1153.96,52.50,-7.50
509.29,1153.36,56.25,-7.50
436.09,1152.81,60.00,-7.50
3229.76,1101.63,-82.50,-3.75
3156.36,1101.02,-78.75,-3.75
3083.25,1100.39,-75.00,-3.75
3009.83,1099.72,-71.25,-3.75
2936.53,1099.10,-67.50,-3.75
2863.06,1098.50,-63.75,-3.75
2789.69,1097.91,-60.00,-3.75
2716.16,1097.30,-56.25,-3.75
2642.82,1096.70,-52.50,-3.75
2569.24,1096.11,-48.75,-3.75
2495.85,1095.52,-45.00,-3.75
2422.31,1094.93,-41.25,-3.75
2348.84,1094.38,-37.50,-3.75
2275.20,1093.81,-33.75,-3.75
2201.82,1093.18,-30.00,-3.75
2128.11,1092.55,-26.25,-3.75
2054.61,1092.01,-22.50,-3.75
1980.99,1091.48,-18.75,-3.75
1760.22,1089.62,-7.50,-3.75
1686.41,1089.00,-3.75,-3.75
1612.91,1088.37,0.00,-3.75
1539.22,1087.78,3.75,-3.75
1465.73,1087.17,7.50,-3.75
1391.96,1086.55,11.25,-3.75
1318.56,1085.98,15.00,-3.75
1244.80,1085.42,18.75,-3.75
1171.33,1084.83,22.50,-3.75
1097.67,1084.24,26.25,-3.75
1024.24,1083.68,30.00,-3.75
950.53,1083.12,33.75,-3.75
877.24,1082.53,37.50,-3.75
803.58,1081.94,41.25,-3.75
730.25,1081.39,45.00,-3.75
656.70,1080.81,48.75,-3.75
583.32,1080.24,52.50,-3.75
509.82,1079.70,56.25,-3.75
436.65,1079.19,60.00,-3.75
3230.35,1028.19,-82.50,0.00
3156.94,1027.62,-78.75,0.00
3083.84,1026.92,-75.00,0.00
3010.40,1026.28,-71.25,0.00
2937.10,1025.65,-67.50,0.00
2863.62,1025.03,-63.75,0.00
2790.25,1024.42,-60.00,0.00
2716.74,1023.82,-56.25,0.00
2643.38,1023.21,-52.50,0.00
2569.82,1022.60,-48.75,0.00
2496.42,1022.03,-45.00,0.00
2422.88,1021.44,-41.25,0.00
2349.40,1020.83,-37.50,0.00
2275.78,1020.20,-33.75,0.00
2202.40,1019.61,-30.00,0.00
2128.67,1019.07,-26.25,0.00
2055.18,1018.49,-22.50,0.00
1981.53,1017.89,-18.75,0.00
1760.80,1016.07,-7.50,0.00
1686.98,1015.47,-3.75,0.00
1613.48,1014.85,0.00,0.00
1539.80,1014.24,3.75,0.00
1466.28,1013.69,7.50,0.00
1392.52,1013.12,11.25,0.00
1319.09,1012.51,15.00,0.00
1245.33,1011.90,18.75,0.00
1171.88,1011.37,22.50,0.00
1098.26,1010.78,26.25,0.00
1024.79,1010.19,30.00,0.00
951.14,1009.67,33.75,0.00
877.79,1009.12,37.50,0.00
804.16,1008.48,41.25,0.00
730.80,1007.90,45.00,0.00
657.26,1007.37,48.75,0.00
583.87,1006.77,52.50,0.00
510.38,1006.18,56.25,0.00
437.21,1005.67,60.00,0.00
3230.92,954.48,-82.50,3.75
3157.55,953.87,-78.75,3.75
3084.41,953.23,-75.00,3.75
3010.98,952.58,-71.25,3.75
2937.65,951.95,-67.50,3.75
2864.18,951.33,-63.75,3.75
2790.83,950.70,-60.00,3.75
2717.31,950.08,-56.25,3.75
2643.96,949.51,-52.50,3.75
2570.38,948.93,-48.75,3.75
2497.00,948.32,-45.00,3.75
2423.44,947.69,-41.25,3.75
2349.98,947.06,-37.50,3.75
2276.37,946.46,-33.75,3.75
2202.98,945.89,-30.00,3.75
2129.25,945.32,-26.25,3.75
2055.76,944.67,-22.50,3.75
1982.07,944.05,-18.75,3.75
1908.55,943.44,-15.00,3.75
1834.85,942.79,-11.25,3.75
1761.37,942.18,-7.50,3.75
1687.58,941.62,-3.75,3.75
1614.08,941.09,0.00,3.75
1540.36,940.47,3.75,3.75
1466.85,939.90,7.50,3.75
1393.09,939.31,11.25,3.75
1319.65,938.74,15.00,3.75
1245.88,938.15,18.75,3.75
1172.46,937.58,22.50,3.75
1098.81,937.02,26.25,3.75
1025.37,936.38,30.00,3.75
951.74,935.80,33.75,3.75
878.39,935.26,37.50,3.75
804.73,934.69,41.25,3.75
731.38,934.14,45.00,3.75
657.84,933.61,48.75,3.75
584.46,933.04,52.50,3.75
510.92,932.51,56.25,3.75
437.80,931.93,60.00,3.75
3231.46,881.07,-82.50,7.50
3158.10,880.41,-78.75,7.50
3084.96,879.78,-75.00,7.50
3011.52,879.13,-71.25,7.50
2938.18,878.49,-67.50,7.50
2864.73,877.88,-63.75,7.50
2791.41,877.23,-60.00,7.50
2717.86,876.59,-56.25,7.50
2644.55,875.96,-52.50,7.50
2570.93,875.35,-48.75,7.50
2497.58,874.74,-45.00,7.50
2424.01,874.17,-41.25,7.50
2350.52,873.55,-37.50,7.50
2276.96,872.95,-33.75,7.50
2203.53,872.31,-30.00,7.50
2129.82,871.71,-26.25,7.50
2056.32,871.11,-22.50,7.50
1982.64,870.51,-18.75,7.50
1909.08,869.92,-15.00,7.50
1835.43,869.31,-11.25,7.50
1761.92,868.69,-7.50,7.50
1688.19,868.08,-3.75,7.50
1614.68,867.53,0.00,7.50
1540.92,867.01,3.75,7.50
1467.45,866.41,7.50,7.50
1393.66,865.81,11.25,7.50
1320.21,865.26,15.00,7.50
1246.47,864.67,18.75,7.50
1173.04,864.01,22.50,7.50
1099.38,863.43,26.25,7.50
1025.94,862.85,30.00,7.50
952.33,862.28,33.75,7.50
878.96,861.75,37.50,7.50
805.33,861.26,41.25,7.50
731.96,860.65,45.00,7.50
658.41,860.10,48.75,7.50
585.03,859.56,52.50,7.50
511.50,859.01,56.25,7.50
438.36,858.48,60.00,7.50
3232.01,807.40,-82.50,11.25
3158.64,806.76,-78.75,11.25
3085.52,806.16,-75.00,11.25
3012.08,805.52,-71.25,11.25
2938.73,804.81,-67.50,11.25
2865.29,804.15,-63.75,11.25
2791.96,803.54,-60.00,11.25
2718.42,802.93,-56.25,11.25
2645.11,802.26,-52.50,11.25
2571.50,801.61,-48.75,11.25
2498.14,801.01,-45.00,11.25
2424.59,800.41,-41.25,11.25
2351.10,799.85,-37.50,11.25
2277.54,799.24,-33.75,11.25
2204.10,798.62,-30.00,11.25
2130.36,798.04,-26.25,11.25
2056.89,797.38,-22.50,11.25
1983.20,796.73,-18.75,11.25
1909.65,796.14,-15.00,11.25
1835.97,795.56,-11.25,11.25
1762.47,794.96,-7.50,11.25
1688.78,794.34,-3.75,11.25
1615.28,793.79,0.00,11.25
1541.53,793.26,3.75,11.25
1468.05,792.63,7.50,11.25
1394.23,791.99,11.25,11.25
1320.80,791.41,15.00,11.25
1247.07,790.84,18.75,11.25
1173.62,790.32,22.50,11.25
1099.94,789.70,26.25,11.25
1026.53,789.11,30.00,11.25
952.87,788.52,33.75,11.25
879.55,787.95,37.50,11.25
805.92,787.42,41.25,11.25
732.55,786.91,45.00,11.25
658.99,786.35,48.75,11.25
585.62,785.82,52.50,11.25
512.07,785.34,56.25,11.25
438.96,784.77,60.00,11.25
3232.57,734.03,-82.50,15.00
3159.18,733.34,-78.75,15.00
3086.08,732.68,-75.00,15.00
3012.62,732.00,-71.25,15.00
2939.29,731.35,-67.50,15.00
2865.85,730.74,-63.75,15.00
2792.48,730.15,-60.00,15.00
2718.96,729.51,-56.25,15.00
2645.63,728.82,-52.50,15.00
2572.06,728.17,-48.75,15.00
2498.68,727.49,-45.00,15.00
2425.16,726.89,-41.25,15.00
2351.68,726.26,-37.50,15.00
2278.10,725.65,-33.75,15.00
2204.67,725.02,-30.00,15.00
2130.95,724.41,-26.25,15.00
2057.45,723.85,-22.50,15.00
1983.78,723.25,-18.75,15.00
1910.19,722.61,-15.00,15.00
1836.52,722.05,-11.25,15.00
1763.04,721.46,-7.50,15.00
1689.34,720.83,-3.75,15.00
1615.85,720.20,0.00,15.00
1542.16,719.67,3.75,15.00
1468.64,719.12,7.50,15.00
1394.81,718.47,11.25,15.00
1321.39,717.86,15.00,15.00
1247.64,717.31,18.75,15.00
1174.18,716.75,22.50,15.00
1100.54,716.16,26.25,15.00
1027.11,715.65,30.00,15.00
953.46,715.08,33.75,15.00
880.11,714.51,37.50,15.00
806.52,714.00,41.25,15.00
733.11,713.55,45.00,15.00
659.59,713.01,48.75,15.00
586.21,712.40,52.50,15.00
512.67,711.72,56.25,15.00
439.56,711.32,60.00,15.00
3233.10,660.36,-82.50,18.75
3159.74,659.69,-78.75,18.75
3086.60,659.05,-75.00,18.75
3013.12,658.42,-71.25,18.75
2939.85,657.68,-67.50,18.75
2866.40,656.99,-63.75,18.75
2793.03,656.36,-60.00,18.75
2719.53,655.73,-56.25,18.75
2646.18,655.08,-52.50,18.75
2572.62,654.46,-48.75,18.75
2499.23,653.86,-45.00,18.75
2425.70,653.22,-41.25,18.75
2352.23,652.57,-37.50,18.75
2278.65,651.97,-33.75,18.75
2205.24,651.32,-30.00,18.75
2131.53,650.68,-26.25,18.75
2058.03,650.10,-22.50,18.75
1984.37,649.53,-18.75,18.75
1910.78,648.91,-15.00,18.75
1837.11,648.31,-11.25,18.75
1763.60,647.77,-7.50,18.75
1689.88,647.16,-3.75,18.75
1616.42,646.50,0.00,18.75
1542.75,645.87,3.75,18.75
1469.26,645.32,7.50,18.75
1395.40,644.71,11.25,18.75
1322.02,644.11,15.00,18.75
1248.20,643.58,18.75,18.75
1174.77,643.09,22.50,18.75
1101.13,642.51,26.25,18.75
1027.69,641.90,30.00,18.75
954.04,641.37,33.75,18.75
880.71,640.78,37.50,18.75
807.10,640.21,41.25,18.75
733.71,639.75,45.00,18.75
660.20,639.22,48.75,18.75
586.81,638.67,52.50,18.75
513.29,638.12,56.25,18.75
440.19,637.51,60.00,18.75
3233.62,586.98,-82.50,22.50
3160.26,586.27,-78.75,22.50
3087.13,585.61,-75.00,22.50
3013.68,584.93,-71.25,22.50
2940.39,584.25,-67.50,22.50
2866.95,583.59,-63.75,22.50
2793.56,582.93,-60.00,22.50
2720.09,582.23,-56.25,22.50
2646.72,581.58,-52.50,22.50
2573.15,580.99,-48.75,22.50
2499.79,580.34,-45.00,22.50
2426.26,579.67,-41.25,22.50
2352.77,579.03,-37.50,22.50
2279.19,578.47,-33.75,22.50
2205.81,577.86,-30.00,22.50
2132.11,577.19,-26.25,22.50
2058.64,576.52,-22.50,22.50
1984.93,575.92,-18.75,22.50
1911.41,575.38,-15.00,22.50
1837.68,574.83,-11.25,22.50
1764.18,574.23,-7.50,22.50
1690.45,573.62,-3.75,22.50
1616.98,572.97,0.00,22.50
1543.33,572.35,3.75,22.50
1469.85,571.77,7.50,22.50
1396.02,571.25,11.25,22.50
1322.62,570.68,15.00,22.50
1248.80,570.06,18.75,22.50
1175.40,569.50,22.50,22.50
1101.70,568.95,26.25,22.50
1028.28,568.41,30.00,22.50
954.62,567.81,33.75,22.50
881.32,567.27,37.50,22.50
807.68,566.74,41.25,22.50
734.38,566.21,45.00,22.50
660.80,565.73,48.75,22.50
587.46,565.23,52.50,22.50
513.93,564.64,56.25,22.50
440.82,564.07,60.00,22.50
3234.14,513.36,-82.50,26.25
3160.75,512.76,-78.75,26.25
3087.67,511.98,-75.00,26.25
3014.21,511.24,-71.25,26.25
2940.93,510.57,-67.50,26.25
2867.48,509.89,-63.75,26.25
2794.10,509.25,-60.00,26.25
2720.62,508.59,-56.25,26.25
2647.26,507.97,-52.50,26.25
2573.69,507.30,-48.75,26.25
2500.34,506.62,-45.00,26.25
2426.81,505.99,-41.25,26.25
2353.33,505.39,-37.50,26.25
2279.77,504.76,-33.75,26.25
2206.37,504.14,-30.00,26.25
2132.68,503.54,-26.25,26.25
2059.22,502.97,-22.50,26.25
1985.49,502.32,-18.75,26.25
1912.02,501.69,-15.00,26.25
1838.23,501.08,-11.25,26.25
1764.79,500.41,-7.50,26.25
1691.03,499.78,-3.75,26.25
1617.55,499.23,0.00,26.25
1543.91,498.63,3.75,26.25
1470.44,498.02,7.50,26.25
1396.64,497.45,11.25,26.25
1323.24,496.88,15.00,26.25
1249.41,496.28,18.75,26.25
1176.03,495.74,22.50,26.25
1102.28,495.22,26.25,26.25
1028.88,494.66,30.00,26.25
955.22,494.10,33.75,26.25
881.94,493.56,37.50,26.25
808.28,493.04,41.25,26.25
735.02,492.52,45.00,26.25
661.42,491.99,48.75,26.25
588.11,491.48,52.50,26.25
514.58,490.98,56.25,26.25
441.45,490.47,60.00,26.25
3234.65,439.99,-82.50,30.00
3161.28,439.29,-78.75,30.00
3088.18,438.63,-75.00,30.00
3014.72,437.89,-71.25,30.00
2941.44,437.17,-67.50,30.00
2867.99,436.47,-63.75,30.00
2794.63,435.80,-60.00,30.00
2721.15,435.18,-56.25,30.00
2647.81,434.50,-52.50,30.00
2574.23,433.85,-48.75,30.00
2500.88,433.16,-45.00,30.00
2427.34,432.51,-41.25,30.00
2353.91,431.89,-37.50,30.00
2280.35,431.30,-33.75,30.00
2206.94,430.66,-30.00,30.00
2133.25,430.07,-26.25,30.00
2059.78,429.46,-22.50,30.00
1986.09,428.77,-18.75,30.00
1912.59,428.11,-15.00,30.00
1838.81,427.52,-11.25,30.00
1765.35,426.91,-7.50,30.00
1691.62,426.30,-3.75,30.00
1618.10,425.78,0.00,30.00
1544.49,425.20,3.75,30.00
1471.00,424.56,7.50,30.00
1397.24,423.96,11.25,30.00
1323.85,423.40,15.00,30.00
1250.02,422.83,18.75,30.00
1176.63,422.24,22.50,30.00
1102.92,421.72,26.25,30.00
1029.50,421.23,30.00,30.00
955.85,420.64,33.75,30.00
882.57,420.08,37.50,30.00
808.91,419.58,41.25,30.00
735.60,419.08,45.00,30.00
662.09,418.52,48.75,30.00
588.71,417.99,52.50,30.00
515.23,417.51,56.25,30.00
442.06,417.02,60.00,30.00
3235.16,366.37,-82.50,33.75
3161.78,365.69,-78.75,33.75
3088.67,364.93,-75.00,33.75
3015.24,364.21,-71.25,33.75
2941.95,363.50,-67.50,33.75
2868.51,362.82,-63.75,33.75
2795.16,362.20,-60.00,33.75
2721.67,361.54,-56.25,33.75
2648.36,360.85,-52.50,33.75
2574.76,360.17,-48.75,33.75
2501.45,359.47,-45.00,33.75
2427.90,358.83,-41.25,33.75
2354.47,358.26,-37.50,33.75
2280.89,357.65,-33.75,33.75
2207.48,357.00,-30.00,33.75
2133.83,356.34,-26.25,33.75
2060.32,355.69,-22.50,33.75
1986.67,355.02,-18.75,33.75
1913.16,354.40,-15.00,33.75
1839.38,353.80,-11.25,33.75
1765.97,353.20,-7.50,33.75
1692.17,352.58,-3.75,33.75
1618.71,352.02,0.00,33.75
1545.07,351.49,3.75,33.75
1471.56,350.87,7.50,33.75
1397.82,350.23,11.25,33.75
1324.45,349.66,15.00,33.75
1250.64,349.12,18.75,33.75
1177.28,348.57,22.50,33.75
1103.56,347.99,26.25,33.75
1030.15,347.46,30.00,33.75
956.48,346.97,33.75,33.75
883.20,346.46,37.50,33.75
809.58,345.90,41.25,33.75
736.25,345.39,45.00,33.75
662.72,344.89,48.75,33.75
589.36,344.40,52.50,33.75
515.86,343.87,56.25,33.75
442.68,343.37,60.00,33.75
3235.67,293.06,-82.50,37.50
3162.27,292.30,-78.75,37.50
3089.16,291.60,-75.00,37.50
3015.77,290.85,-71.25,37.50
2942.48,290.13,-67.50,37.50
2869.01,289.46,-63.75,37.50
2795.71,288.76,-60.00,37.50
2722.16,288.04,-56.25,37.50
2648.90,287.36,-52.50,37.50
2575.27,286.74,-48.75,37.50
2501.99,286.12,-45.00,37.50
2428.46,285.51,-41.25,37.50
2355.05,284.81,-37.50,37.50
2281.41,284.13,-33.75,37.50
2208.01,283.50,-30.00,37.50
2134.37,282.86,-26.25,37.50
2060.85,282.20,-22.50,37.50
1987.24,281.61,-18.75,37.50
1913.72,280.96,-15.00,37.50
1839.99,280.33,-11.25,37.50
1766.60,279.73,-7.50,37.50
1692.76,279.14,-3.75,37.50
1619.34,278.52,0.00,37.50
1545.64,277.93,3.75,37.50
1472.17,277.44,7.50,37.50
1398.43,276.86,11.25,37.50
1325.02,276.26,15.00,37.50
1251.30,275.71,18.75,37.50
1177.90,275.13,22.50,37.50
1104.23,274.57,26.25,37.50
1030.76,274.01,30.00,37.50
957.12,273.52,33.75,37.50
883.78,273.03,37.50,37.50
810.27,272.45,41.25,37.50
736.89,271.89,45.00,37.50
663.35,271.40,48.75,37.50
589.98,270.92,52.50,37.50
516.52,270.42,56.25,37.50
443.37,269.91,60.00,37.50
3162.79,218.72,-78.75,41.25
3089.68,217.99,-75.00,41.25
3016.22,217.27,-71.25,41.25
2943.00,216.52,-67.50,41.25
2869.55,215.80,-63.75,41.25
2796.20,215.13,-60.00,41.25
2722.71,214.44,-56.25,41.25
2649.38,213.75,-52.50,41.25
2575.84,213.07,-48.75,41.25
2502.51,212.41,-45.00,41.25
2428.98,211.80,-41.25,41.25
2355.57,211.11,-37.50,41.25
2281.99,210.48,-33.75,41.25
2208.55,209.88,-30.00,41.25
2134.95,209.27,-26.25,41.25
2061.47,208.61,-22.50,41.25
1987.82,207.93,-18.75,41.25
1914.28,207.37,-15.00,41.25
1840.62,206.71,-11.25,41.25
1767.17,206.09,-7.50,41.25
1693.30,205.54,-3.75,41.25
1619.93,204.87,0.00,41.25
1546.22,204.27,3.75,41.25
1472.84,203.72,7.50,41.25
1399.03,203.14,11.25,41.25
1325.65,202.56,15.00,41.25
1251.91,201.91,18.75,41.25
1104.87,200.86,26.25,41.25
1031.38,200.34,30.00,41.25
957.79,199.83,33.75,41.25
884.44,199.39,37.50,41.25
810.90,198.91,41.25,41.25
737.51,198.32,45.00,41.25
664.03,197.80,48.75,41.25
590.69,197.43,52.50,41.25
517.13,196.96,56.25,41.25
